[
  {
    "id": 1,
    "image": "https://images.unsplash.com/photo-1582233479366-6d38bc390a08?ixid=MnwxMjA3fDB8MHxzZWFyY2h8MXx8ZmFjZXN8ZW58MHx8MHx8&ixlib=rb-1.2.1&auto=format&fit=crop&w=500&q=60",
    "username": "Bruce Wayne",
    "date": "5 Hours ago",
    "timestamp": "3 Hours ago",
    "views": "678",
    "title": "App Testing Event",
    "info": "We are having our app test(reminder app) on Friday, 12 noon. All team leads, designers and developers should report at the executive launch for final briefing.",
    "moreInfo": [
      "Lorem ipsum dolor sit amet, consectetur adipiscing elit. In odio malesuada consequat, donec consectetur egestas arcu, ligula.Lorem ipsum dolor sit amet, consectetur adipiscing elit. Lorem ipsum dolor sit amet, consectetur adipiscing elit. In odio malesuada consequat, donec consectetur egestas arcu, ligula.Lorem ipsum dolor sit amet, consectetur adipiscing elit. Lorem ipsum dolor sit amet, consectetur adipiscing elit. In odio malesuada consequat, donec consectetur egestas arcu, ligula.Lorem ipsum dolor sit amet, consectetur adipiscing elit. Lorem ipsum dolor sit amet",
      "consectetur adipiscing elit. In odio malesuada consequat, donec consectetur egestas arcu, ligula.Lorem ipsum dolor sit amet, consectetur adipiscing elit. "
    ]
  },
  {
    "id": 2,
    "image": "https://images.unsplash.com/photo-1570295999919-56ceb5ecca61?ixid=MnwxMjA3fDB8MHxwaG90by1wYWdlfHx8fGVufDB8fHx8&ixlib=rb-1.2.1&auto=format&fit=crop&w=500&q=80",
    "username": "Clark Kent",
    "date": "6 days ago",
    "timestamp": "1 Hour ago",
    "views": "210",
    "title": "Beta App Testing",
    "info": "We are having our app test(reminder app) on Friday, 12 noon. All team leads, designers and developers should report at the executive launch for final briefing.",
    "moreInfo": [
      "Lorem ipsum dolor sit amet, consectetur adipiscing elit. In odio malesuada consequat, donec consectetur egestas arcu, ligula.Lorem ipsum dolor sit amet, consectetur adipiscing elit. Lorem ipsum dolor sit amet, consectetur adipiscing elit. In odio malesuada consequat, donec consectetur egestas arcu, ligula.Lorem ipsum dolor sit amet, consectetur adipiscing elit. Lorem ipsum dolor sit amet, consectetur adipiscing elit. In odio malesuada consequat, donec consectetur egestas arcu, ligula.Lorem ipsum dolor sit amet, consectetur adipiscing elit. Lorem ipsum dolor sit amet",
      "consectetur adipiscing elit. In odio malesuada consequat, donec consectetur egestas arcu, ligula.Lorem ipsum dolor sit amet, consectetur adipiscing elit. "
    ]
  },
  {
    "id": 3,
    "image": "https://images.unsplash.com/photo-1527980965255-d3b416303d12?ixid=MnwxMjA3fDB8MHxwaG90by1wYWdlfHx8fGVufDB8fHx8&ixlib=rb-1.2.1&auto=format&fit=crop&w=500&q=80",
    "username": "Barry Allen",
    "date": "24 days ago",
    "timestamp": "13 Hours ago",
    "views": "139",
    "title": "Holiday Planning",
    "info": "We are having our app test(reminder app) on Friday, 12 noon. All team leads, designers and developers should report at the executive launch for final briefing.",
    "moreInfo": [
      "Lorem ipsum dolor sit amet, consectetur adipiscing elit. In odio malesuada consequat, donec consectetur egestas arcu, ligula.Lorem ipsum dolor sit amet, consectetur adipiscing elit. Lorem ipsum dolor sit amet, consectetur adipiscing elit. In odio malesuada consequat, donec consectetur egestas arcu, ligula.Lorem ipsum dolor sit amet, consectetur adipiscing elit. Lorem ipsum dolor sit amet, consectetur adipiscing elit. In odio malesuada consequat, donec consectetur egestas arcu, ligula.Lorem ipsum dolor sit amet, consectetur adipiscing elit. Lorem ipsum dolor sit amet",
      "consectetur adipiscing elit. In odio malesuada consequat, donec consectetur egestas arcu, ligula.Lorem ipsum dolor sit amet, consectetur adipiscing elit. "
    ]
  },
  {
    "id": 4,
    "image": "https://images.unsplash.com/photo-1586297135537-94bc9ba060aa?ixid=MnwxMjA3fDB8MHxwaG90by1wYWdlfHx8fGVufDB8fHx8&ixlib=rb-1.2.1&auto=format&fit=crop&w=500&q=80",
    "username": "April Dane",
    "date": "24 days ago",
    "timestamp": "13 Hours ago",
    "views": "705",
    "title": "Health is Wealth Serminar",
    "info": "We are having our app test(reminder app) on Friday, 12 noon. All team leads, designers and developers should report at the executive launch for final briefing.",
    "moreInfo": [
      "Lorem ipsum dolor sit amet, consectetur adipiscing elit. In odio malesuada consequat, donec consectetur egestas arcu, ligula.Lorem ipsum dolor sit amet, consectetur adipiscing elit. Lorem ipsum dolor sit amet, consectetur adipiscing elit. In odio malesuada consequat, donec consectetur egestas arcu, ligula.Lorem ipsum dolor sit amet, consectetur adipiscing elit. Lorem ipsum dolor sit amet, consectetur adipiscing elit. In odio malesuada consequat, donec consectetur egestas arcu, ligula.Lorem ipsum dolor sit amet, consectetur adipiscing elit. Lorem ipsum dolor sit amet",
      "consectetur adipiscing elit. In odio malesuada consequat, donec consectetur egestas arcu, ligula.Lorem ipsum dolor sit amet, consectetur adipiscing elit. "
    ]
  },
  {
    "id": 5,
    "image": "https://images.unsplash.com/photo-1534528741775-53994a69daeb?ixid=MnwxMjA3fDB8MHxwaG90by1wYWdlfHx8fGVufDB8fHx8&ixlib=rb-1.2.1&auto=format&fit=crop&w=400&q=80",
    "username": "Doctor Strange",
    "date": "2 days ago",
    "timestamp": "4 Seconds ago",
    "views": "560",
    "title": "Time Loop Conference",
    "info": "We are having our app test(reminder app) on Friday, 12 noon. All team leads, designers and developers should report at the executive launch for final briefing.",
    "moreInfo": [
      "Lorem ipsum dolor sit amet, consectetur adipiscing elit. In odio malesuada consequat, donec consectetur egestas arcu, ligula.Lorem ipsum dolor sit amet, consectetur adipiscing elit. Lorem ipsum dolor sit amet, consectetur adipiscing elit. In odio malesuada consequat, donec consectetur egestas arcu, ligula.Lorem ipsum dolor sit amet, consectetur adipiscing elit. Lorem ipsum dolor sit amet, consectetur adipiscing elit. In odio malesuada consequat, donec consectetur egestas arcu, ligula.Lorem ipsum dolor sit amet, consectetur adipiscing elit. Lorem ipsum dolor sit amet",
      "consectetur adipiscing elit. In odio malesuada consequat, donec consectetur egestas arcu, ligula.Lorem ipsum dolor sit amet, consectetur adipiscing elit. "
    ]
  },
  {
    "id": 6,
    "image": "https://images.unsplash.com/photo-1531746020798-e6953c6e8e04?ixid=MnwxMjA3fDB8MHxwaG90by1wYWdlfHx8fGVufDB8fHx8&ixlib=rb-1.2.1&auto=format&fit=crop&w=400&q=80",
    "username": "Bella Hadidn't",
    "date": "24 days ago",
    "timestamp": "13 Hours ago",
    "views": "600",
    "title": "Social Media",
    "info": "We are having our app test(reminder app) on Friday, 12 noon. All team leads, designers and developers should report at the executive launch for final briefing.",
    "moreInfo": [
      "Lorem ipsum dolor sit amet, consectetur adipiscing elit. In odio malesuada consequat, donec consectetur egestas arcu, ligula.Lorem ipsum dolor sit amet, consectetur adipiscing elit. Lorem ipsum dolor sit amet, consectetur adipiscing elit. In odio malesuada consequat, donec consectetur egestas arcu, ligula.Lorem ipsum dolor sit amet, consectetur adipiscing elit. Lorem ipsum dolor sit amet, consectetur adipiscing elit. In odio malesuada consequat, donec consectetur egestas arcu, ligula.Lorem ipsum dolor sit amet, consectetur adipiscing elit. Lorem ipsum dolor sit amet",
      "consectetur adipiscing elit. In odio malesuada consequat, donec consectetur egestas arcu, ligula.Lorem ipsum dolor sit amet, consectetur adipiscing elit. "
    ]
  }
]
